{
    "ae_only": {
        "accuracy": 58.73140234884037,
        "precision": 93.85355264020117,
        "recall": 58.73140234884037,
        "f1": 68.69770128069015,
        "auc": 0.7561688179437531
    },
    "xgb_only": {
        "accuracy": 99.88007962712759,
        "precision": 99.87997465816036,
        "recall": 99.88007962712759,
        "f1": 99.87967933627367,
        "auc": 0.9998337749156181
    },
    "hybrid": {
        "accuracy": 99.87608228136517,
        "precision": 99.87598787215069,
        "recall": 99.87608228136517,
        "f1": 99.87564304069733,
        "auc": 0.9998183619350238
    },
    "training_time": 145.2,
    "inference_time": 2.8,
    "parameters": 167890,
    "confusion_matrix": [
        [
            117051,
            17
        ],
        [
            138,
            7877
        ]
    ]
}