{"cnn": {"accuracy": [0.46088117361068726, 0.7463117241859436, 0.7913579940795898, 0.8120073676109314, 0.8323818445205688, 0.8428502082824707, 0.8527563810348511, 0.8591148257255554, 0.8669348359107971, 0.8739053606987, 0.8779528141021729, 0.8836991190910339, 0.8883212208747864, 0.8862475156784058, 0.8955540657043457, 0.8957289457321167, 0.895479142665863, 0.8931431174278259], "loss": [0.6910226345062256, 0.4987064003944397, 0.44036340713500977, 0.41715794801712036, 0.3933703899383545, 0.3797438442707062, 0.36613479256629944, 0.3550495505332947, 0.3504224419593811, 0.34085598587989807, 0.33240917325019836, 0.3235635459423065, 0.32024896144866943, 0.29781052470207214, 0.2846803367137909, 0.27596595883369446, 0.2674638628959656, 0.26140519976615906], "precision": [0.07312684506177902, 0.17856839299201965, 0.21330274641513824, 0.23228752613067627, 0.2550095319747925, 0.26874372363090515, 0.2832883596420288, 0.2941734492778778, 0.3067101836204529, 0.31926998496055603, 0.32873424887657166, 0.34030476212501526, 0.34980714321136475, 0.3480933904647827, 0.3705221712589264, 0.37224793434143066, 0.3727996051311493, 0.3677607774734497], "recall": [0.624951958656311, 0.8066128492355347, 0.822376012802124, 0.8212226033210754, 0.8219915628433228, 0.8241060972213745, 0.8273741006851196, 0.8346789479255676, 0.8312187790870667, 0.83064204454422, 0.8427528142929077, 0.8414071798324585, 0.8367935419082642, 0.8598616123199463, 0.8688966035842896, 0.8808150887489319, 0.8915801644325256, 0.8960015177726746], "val_accuracy": [0.7859891057014465, 0.8465996980667114, 0.8346074819564819, 0.8267626166343689, 0.8656373620033264, 0.8852245807647705, 0.9066606760025024, 0.9257482886314392, 0.8964173197746277, 0.8422025442123413, 0.9028631448745728, 0.8962174654006958, 0.880527675151825, 0.8978663682937622, 0.9133563041687012, 0.8878728747367859, 0.8753310441970825, 0.896517276763916], "val_loss": [0.40743911266326904, 0.3121998608112335, 0.3437541127204895, 0.34851959347724915, 0.31679195165634155, 0.27519702911376953, 0.2685854136943817, 0.21715083718299866, 0.31300660967826843, 0.3644658029079437, 0.26919543743133545, 0.27626001834869385, 0.301294207572937, 0.27272820472717285, 0.23819409310817719, 0.2489490956068039, 0.278832346200943, 0.23957780003547668], "val_precision": [0.18876080214977264, 0.259878009557724, 0.2518751621246338, 0.24325580894947052, 0.29323309659957886, 0.3300589323043823, 0.382296085357666, 0.4431077837944031, 0.3561837375164032, 0.2661905884742737, 0.37657657265663147, 0.3606948256492615, 0.3262737989425659, 0.36717426776885986, 0.4089689552783966, 0.34700217843055725, 0.32433199882507324, 0.3665351867675781], "val_recall": [0.7283558249473572, 0.7783955335617065, 0.826846718788147, 0.8308181166648865, 0.805401086807251, 0.8006353974342346, 0.7855440974235535, 0.7021445631980896, 0.8006353974342346, 0.8586179614067078, 0.8300238251686096, 0.841143786907196, 0.8443208932876587, 0.8617950677871704, 0.8474979996681213, 0.8872120976448059, 0.9062747955322266, 0.8856235146522522], "learning_rate": [0.0010000000474974513, 0.0010000000474974513, 0.0010000000474974513, 0.0010000000474974513, 0.0010000000474974513, 0.0010000000474974513, 0.0010000000474974513, 0.0010000000474974513, 0.0010000000474974513, 0.0010000000474974513, 0.0010000000474974513, 0.0010000000474974513, 0.0010000000474974513, 0.0005000000237487257, 0.0005000000237487257, 0.0005000000237487257, 0.0005000000237487257, 0.0005000000237487257]}, "lstm": {"accuracy": [0.7374048829078674, 0.8294962048530579, 0.881138265132904, 0.9109817743301392, 0.9148167967796326, 0.9149792194366455, 0.911518931388855, 0.9120310544967651, 0.9204632043838501, 0.9280833601951599, 0.934841513633728, 0.9360033273696899, 0.9423367381095886, 0.9405004382133484, 0.942086935043335, 0.9413124322891235, 0.9445353746414185, 0.9422867894172668, 0.9434110522270203, 0.9424991607666016, 0.9474459886550903, 0.9477707743644714, 0.949007511138916, 0.9464216828346252, 0.9489450454711914], "loss": [0.47124990820884705, 0.3718552589416504, 0.34251075983047485, 0.30514368414878845, 0.28628456592559814, 0.27276498079299927, 0.25513970851898193, 0.2329186350107193, 0.21695221960544586, 0.20352810621261597, 0.19207152724266052, 0.18124692142009735, 0.180207759141922, 0.17623914778232574, 0.17226263880729675, 0.17046211659908295, 0.16505393385887146, 0.16586467623710632, 0.16369116306304932, 0.1630687713623047, 0.15347926318645477, 0.15218141674995422, 0.1481221616268158, 0.15054269134998322, 0.1475856453180313], "precision": [0.17061591148376465, 0.252127468585968, 0.3306369185447693, 0.4087286591529846, 0.42207229137420654, 0.42386558651924133, 0.41492536664009094, 0.41817858815193176, 0.445412814617157, 0.47259801626205444, 0.49927234649658203, 0.5041133165359497, 0.5322971940040588, 0.5238301753997803, 0.5309424996376038, 0.5274151563644409, 0.5425033569335938, 0.5317754745483398, 0.5371353030204773, 0.5326288342475891, 0.5566951632499695, 0.5581766366958618, 0.5643234252929688, 0.5513556003570557, 0.5640436410903931], "recall": [0.7875816822052002, 0.8258362412452698, 0.8093041181564331, 0.8281430006027222, 0.8417916297912598, 0.8583236932754517, 0.8817762136459351, 0.9038830995559692, 0.9136870503425598, 0.9200307726860046, 0.923298716545105, 0.9306036233901978, 0.9282968044281006, 0.9275278449058533, 0.9334871172904968, 0.931949257850647, 0.934832751750946, 0.9361783862113953, 0.9342560768127441, 0.9398308396339417, 0.9390618801116943, 0.9415609240531921, 0.9444444179534912, 0.9421376585960388, 0.9438677430152893], "val_accuracy": [0.8235647082328796, 0.9064608216285706, 0.9306950569152832, 0.9427372217178345, 0.9476340413093567, 0.9420377016067505, 0.9397891163825989, 0.9543296694755554, 0.9548293352127075, 0.9482836127281189, 0.9551291465759277, 0.9522809982299805, 0.9554789662361145, 0.9544296264648438, 0.9560285806655884, 0.9540298581123352, 0.9522310495376587, 0.953030526638031, 0.9546294808387756, 0.9521310925483704, 0.9568280577659607, 0.9561285376548767, 0.9558786749839783, 0.9538799524307251, 0.9511817097663879], "val_loss": [0.35847124457359314, 0.31185799837112427, 0.2964399755001068, 0.2891143560409546, 0.2245846390724182, 0.23043785989284515, 0.17545802891254425, 0.15446576476097107, 0.15805429220199585, 0.14508982002735138, 0.12316468358039856, 0.13178199529647827, 0.13024258613586426, 0.13821111619472504, 0.11108574271202087, 0.1252894401550293, 0.1358722597360611, 0.14784453809261322, 0.11957075446844101, 0.14190781116485596, 0.12203919142484665, 0.129773810505867, 0.11385922878980637, 0.12409981340169907, 0.13084270060062408], "val_precision": [0.24228675663471222, 0.3859322667121887, 0.47122302651405334, 0.5277641415596008, 0.555091381072998, 0.5232940912246704, 0.5121841430664062, 0.5888717174530029, 0.5886170864105225, 0.551948070526123, 0.5906579494476318, 0.5731472373008728, 0.5920920968055725, 0.5846754312515259, 0.5954660177230835, 0.5827232599258423, 0.5728715658187866, 0.5768674612045288, 0.5864958167076111, 0.5716325640678406, 0.5994962453842163, 0.5946348905563354, 0.5934393405914307, 0.5817916393280029, 0.5666981935501099], "val_recall": [0.8482922911643982, 0.8236695528030396, 0.8324066996574402, 0.8530579805374146, 0.8443208932876587, 0.8832406401634216, 0.9015091061592102, 0.9078633785247803, 0.9364575147628784, 0.9451946020126343, 0.9340746402740479, 0.9459888935089111, 0.9396346211433411, 0.9515488743782043, 0.9388403296470642, 0.9483717083930969, 0.9459888935089111, 0.9507545828819275, 0.9451946020126343, 0.9539316892623901, 0.9451946020126343, 0.9507545828819275, 0.9483717083930969, 0.9491659998893738, 0.9515488743782043],